3/4 Sit-Up, Abdominals,none
90/90 Hamstring, Hamstrings, Calves
Ab Crunch Machine, Abdominals,none
Ab Roller, Abdominals, Shoulders
Adductor, Adductors,none
Adductor/Groin, Adductors,none
Advanced Kettlebell Windmill, Abdominals," Glutes, Hamstrings, Shoulders"
Air Bike, Abdominals,none
All Fours Quad Stretch, Quadriceps, Quadriceps
Alternate Hammer Curl, Biceps, Forearms
Alternate Heel Touchers, Abdominals,none
Alternate Incline Dumbbell Curl, Biceps, Forearms
Alternate Leg Diagonal Bound, Quadriceps," Abductors, Adductors, Calves, Glutes, Hamstrings"
Alternating Cable Shoulder Press, Shoulders, Triceps
Alternating Deltoid Raise, Shoulders,none
Alternating Floor Press, Chest," Abdominals, Shoulders, Triceps"
Alternating Hang Clean, Hamstrings," Biceps, Calves, Forearms, Glutes, Lower Back, Traps"
Alternating Kettlebell Press, Shoulders, Triceps
Alternating Kettlebell Row, Middle Back," Biceps, Lats"
Alternating Renegade Row, Middle Back," Abdominals, Biceps, Chest, Lats, Triceps"
Ankle Circles, Calves,none
Ankle On The Knee, Glutes,none
Anterior Tibialis-SMR, Calves,none
Anti-Gravity Press, Shoulders," Middle Back, Traps, Triceps"
Arm Circles, Shoulders, Traps
Arnold Dumbbell Press, Shoulders, Triceps
Around The Worlds, Chest, Shoulders
Atlas Stone Trainer, Lower Back," Biceps, Forearms, Glutes, Hamstrings, Quadriceps"
Atlas Stones, Lower Back," Abdominals, Adductors, Biceps, Calves, Forearms, Glutes, Hamstrings, Middle Back, Quadriceps, Traps"
Axle Deadlift, Lower Back," Forearms, Glutes, Hamstrings, Middle Back, Quadriceps, Traps"
Back Flyes - With Bands, Shoulders," Middle Back, Triceps"
Backward Drag, Quadriceps," Calves, Forearms, Glutes, Hamstrings, Lower Back"
Backward Medicine Ball Throw, Shoulders,none
Balance Board, Calves," Hamstrings, Quadriceps"
Ball Leg Curl, Hamstrings," Calves, Glutes"
Band Assisted Pull-Up, Lats," Abdominals, Forearms, Middle Back"
Band Good Morning, Hamstrings," Glutes, Lower Back"
Band Good Morning (Pull Through), Hamstrings," Glutes, Lower Back"
Band Hip Adductions, Adductors,none
Band Pull Apart, Shoulders," Middle Back, Traps"
Band Skull Crusher, Triceps,none
Barbell Ab Rollout, Abdominals," Lower Back, Shoulders"
Barbell Ab Rollout - On Knees, Abdominals," Lower Back, Shoulders"
Barbell Bench Press - Medium Grip, Chest," Shoulders, Triceps"
Barbell Curl, Biceps, Forearms
Barbell Curls Lying Against An Incline, Biceps,none
Barbell Deadlift, Lower Back," Calves, Forearms, Glutes, Hamstrings, Lats, Middle Back, Quadriceps, Traps"
Barbell Full Squat, Quadriceps," Calves, Glutes, Hamstrings, Lower Back"
Barbell Glute Bridge, Glutes," Calves, Hamstrings"
Barbell Guillotine Bench Press, Chest," Shoulders, Triceps"
Barbell Hack Squat, Quadriceps," Calves, Forearms, Hamstrings"
Barbell Hip Thrust, Glutes," Calves, Hamstrings"
Barbell Incline Bench Press - Medium Grip, Chest," Shoulders, Triceps"
Barbell Incline Shoulder Raise, Shoulders, Chest
Barbell Lunge, Quadriceps," Calves, Glutes, Hamstrings"
Barbell Rear Delt Row, Shoulders," Biceps, Lats, Middle Back"
Barbell Rollout from Bench, Abdominals," Glutes, Hamstrings, Lats, Shoulders"
Barbell Seated Calf Raise, Calves,none
Barbell Shoulder Press, Shoulders," Chest, Triceps"
Barbell Shrug, Traps,none
Barbell Shrug Behind The Back, Traps," Forearms, Middle Back"
Barbell Side Bend, Abdominals, Lower Back
Barbell Side Split Squat, Quadriceps," Calves, Hamstrings, Lower Back"
Barbell Squat, Quadriceps," Calves, Glutes, Hamstrings, Lower Back"
Barbell Squat To A Bench, Quadriceps," Calves, Glutes, Hamstrings, Lower Back"
Barbell Step Ups, Quadriceps," Calves, Glutes, Hamstrings, Quadriceps"
Barbell Walking Lunge, Quadriceps," Calves, Glutes, Hamstrings"
Battling Ropes, Shoulders," Chest, Forearms"
Bear Crawl Sled Drags, Quadriceps," Calves, Glutes, Hamstrings"
Behind Head Chest Stretch, Chest, Shoulders
Bench Dips, Triceps," Chest, Shoulders"
Bench Jump, Quadriceps," Calves, Glutes, Hamstrings"
Bench Press - Powerlifting, Triceps," Chest, Forearms, Lats, Shoulders"
Bench Press - With Bands, Chest," Shoulders, Triceps"
Bench Press with Chains, Triceps," Chest, Lats, Shoulders"
Bench Sprint, Quadriceps," Calves, Glutes, Hamstrings"
Bent Over Barbell Row, Middle Back," Biceps, Lats, Shoulders"
Bent Over Dumbbell Rear Delt Raise With Head On Bench, Shoulders,none
Bent Over Low-Pulley Side Lateral, Shoulders," Lower Back, Middle Back, Traps"
Bent Over One-Arm Long Bar Row, Middle Back," Biceps, Lats, Lower Back, Traps"
Bent Over Two-Arm Long Bar Row, Middle Back," Biceps, Lats"
Bent Over Two-Dumbbell Row, Middle Back," Biceps, Lats, Shoulders"
Bent Over Two-Dumbbell Row With Palms In, Middle Back," Biceps, Lats"
Bent Press, Abdominals," Glutes, Hamstrings, Lower Back, Quadriceps, Shoulders, Triceps"
Bent-Arm Barbell Pullover, Lats," Chest, Lats, Shoulders, Triceps"
Bent-Arm Dumbbell Pullover, Chest," Lats, Shoulders, Triceps"
Bent-Knee Hip Raise, Abdominals,none
Bicycling, Quadriceps," Calves, Glutes, Hamstrings"
"Bicycling, Stationary", Quadriceps," Calves, Glutes, Hamstrings"
Board Press, Triceps," Chest, Forearms, Lats, Shoulders"
Body Tricep Press, Triceps,none
Body-Up, Triceps," Abdominals, Forearms"
Bodyweight Flyes, Chest," Abdominals, Shoulders, Triceps"
Bodyweight Mid Row, Middle Back," Biceps, Lats"
Bodyweight Squat, Quadriceps," Glutes, Hamstrings"
Bodyweight Walking Lunge, Quadriceps," Calves, Glutes, Hamstrings"
Bosu Ball Cable Crunch With Side Bends, Abdominals,none
Bottoms Up, Abdominals,none
Bottoms-Up Clean From The Hang Position, Forearms," Biceps, Shoulders"
Box Jump (Multiple Response), Hamstrings," Abductors, Adductors, Calves, Glutes, Quadriceps"
Box Skip, Hamstrings," Abductors, Adductors, Calves, Glutes, Quadriceps"
Box Squat, Quadriceps," Adductors, Calves, Glutes, Hamstrings, Lower Back"
Box Squat with Bands, Quadriceps," Abductors, Adductors, Calves, Glutes, Hamstrings, Lower Back"
Box Squat with Chains, Quadriceps," Abductors, Adductors, Calves, Glutes, Hamstrings, Lower Back"
Brachialis-SMR, Biceps,none
Bradford/Rocky Presses, Shoulders, Triceps
Butt Lift (Bridge), Glutes, Hamstrings
Butt-Ups, Abdominals,none
Butterfly, Chest,none
Cable Chest Press, Chest," Shoulders, Triceps"
Cable Crossover, Chest, Shoulders
Cable Crunch, Abdominals,none
Cable Deadlifts, Quadriceps," Forearms, Glutes, Hamstrings, Lower Back"
Cable Hammer Curls - Rope Attachment, Biceps,none
Cable Hip Adduction, Quadriceps,none
Cable Incline Pushdown, Lats,none
Cable Incline Triceps Extension, Triceps,none
Cable Internal Rotation, Shoulders,none
Cable Iron Cross, Chest,none
Cable Judo Flip, Abdominals,none
Cable Lying Triceps Extension, Triceps,none
Cable One Arm Tricep Extension, Triceps,none
Cable Preacher Curl, Biceps, Forearms
Cable Rear Delt Fly, Shoulders,none
Cable Reverse Crunch, Abdominals,none
Cable Rope Overhead Triceps Extension, Triceps,none
Cable Rope Rear-Delt Rows, Shoulders," Biceps, Middle Back"
Cable Russian Twists, Abdominals,none
Cable Seated Crunch, Abdominals,none
Cable Seated Lateral Raise, Shoulders," Middle Back, Traps"
Cable Shoulder Press, Shoulders, Triceps
Cable Shrugs, Traps,none
Cable Wrist Curl, Forearms,none
Calf Press, Calves,none
Calf Press On The Leg Press Machine, Calves,none
Calf Raise On A Dumbbell, Calves,none
Calf Raises - With Bands, Calves,none
Calf Stretch Elbows Against Wall, Calves,none
Calf Stretch Hands Against Wall, Calves,none
Calf-Machine Shoulder Shrug, Traps,none
Calves-SMR, Calves,none
Car Deadlift, Quadriceps," Forearms, Glutes, Hamstrings, Lower Back, Traps"
Car Drivers, Shoulders, Forearms
Carioca Quick Step, Adductors," Abdominals, Abductors, Calves, Glutes, Hamstrings, Quadriceps"
Cat Stretch, Lower Back," Middle Back, Traps"
Catch and Overhead Throw, Lats," Abdominals, Chest, Shoulders"
Chain Handle Extension, Triceps,none
Chain Press, Chest," Shoulders, Triceps"
Chair Leg Extended Stretch, Hamstrings, Adductors
Chair Lower Back Stretch, Lats, Lower Back
Chair Squat, Quadriceps," Calves, Glutes, Hamstrings"
Chair Upper Body Stretch, Shoulders," Biceps, Chest"
Chest And Front Of Shoulder Stretch, Chest, Shoulders
Chest Push (multiple response), Chest," Abdominals, Shoulders, Triceps"
Chest Push (single response), Chest," Abdominals, Shoulders, Triceps"
Chest Push from 3 point stance, Chest," Abdominals, Shoulders, Triceps"
Chest Push with Run Release, Chest," Abdominals, Shoulders, Triceps"
Chest Stretch on Stability Ball, Chest,none
Child's Pose, Lower Back," Glutes, Middle Back"
Chin To Chest Stretch, Neck, Traps
Chin-Up, Lats," Biceps, Forearms, Middle Back"
Circus Bell, Shoulders," Forearms, Glutes, Hamstrings, Lower Back, Traps, Triceps"
Clean, Hamstrings," Calves, Forearms, Glutes, Lower Back, Quadriceps, Shoulders, Traps"
Clean and Jerk, Shoulders," Abdominals, Glutes, Hamstrings, Lower Back, Quadriceps, Traps, Triceps"
Clean and Press, Shoulders," Abdominals, Calves, Glutes, Hamstrings, Lower Back, Middle Back, Quadriceps, Shoulders, Traps, Triceps"
Clean Deadlift, Hamstrings," Forearms, Glutes, Lower Back, Middle Back, Quadriceps, Traps"
Clean from Blocks, Quadriceps," Calves, Glutes, Hamstrings, Shoulders, Traps"
Clean Pull, Quadriceps," Forearms, Glutes, Hamstrings, Lower Back, Traps"
Clean Shrug, Traps," Forearms, Shoulders"
Clock Push-Up, Chest," Shoulders, Triceps"
Close-Grip Barbell Bench Press, Triceps," Chest, Shoulders"
Close-Grip Dumbbell Press, Triceps," Chest, Shoulders"
Close-Grip EZ Bar Curl, Biceps, Forearms
Close-Grip EZ-Bar Curl with Band, Biceps, Forearms
Close-Grip EZ-Bar Press, Triceps," Chest, Shoulders"
Close-Grip Front Lat Pulldown, Lats," Biceps, Middle Back, Shoulders"
Close-Grip Push-Up off of a Dumbbell, Triceps," Abdominals, Chest, Shoulders"
Close-Grip Standing Barbell Curl, Biceps, Forearms
Cocoons, Abdominals,none
Conan's Wheel, Quadriceps," Abdominals, Biceps, Calves, Forearms, Lower Back, Shoulders, Traps"
Concentration Curls, Biceps, Forearms
Cross Body Hammer Curl, Biceps, Forearms
Cross Over - With Bands, Chest," Biceps, Shoulders"
Cross-Body Crunch, Abdominals,none
Crossover Reverse Lunge, Lower Back," Abdominals, Abductors, Glutes, Hamstrings, Quadriceps"
Crucifix, Shoulders, Forearms
Crunch - Hands Overhead, Abdominals,none
Crunch - Legs On Exercise Ball, Abdominals,none
Crunches, Abdominals,none
Cuban Press, Shoulders, Traps
Dancer's Stretch, Lower Back," Abductors, Glutes"
Dead Bug, Abdominals,none
Deadlift with Bands, Lower Back," Forearms, Glutes, Hamstrings, Middle Back, Quadriceps, Traps"
Deadlift with Chains, Lower Back," Forearms, Glutes, Hamstrings, Middle Back, Quadriceps, Traps"
Decline Barbell Bench Press, Chest," Shoulders, Triceps"
Decline Close-Grip Bench To Skull Crusher, Triceps," Chest, Shoulders"
Decline Crunch, Abdominals,none
Decline Dumbbell Bench Press, Chest," Shoulders, Triceps"
Decline Dumbbell Flyes, Chest,none
Decline Dumbbell Triceps Extension, Triceps,none
Decline EZ Bar Triceps Extension, Triceps,none
Decline Oblique Crunch, Abdominals,none
Decline Push-Up, Chest," Shoulders, Triceps"
Decline Reverse Crunch, Abdominals,none
Decline Smith Press, Chest," Shoulders, Triceps"
Deficit Deadlift, Lower Back," Forearms, Glutes, Hamstrings, Middle Back, Quadriceps, Traps"
Depth Jump Leap, Quadriceps," Abductors, Adductors, Calves, Glutes, Hamstrings"
Dip Machine, Triceps," Chest, Shoulders"
Dips - Chest Version, Chest," Shoulders, Triceps"
Dips - Triceps Version, Triceps," Chest, Shoulders"
Donkey Calf Raises, Calves,none
Double Kettlebell Alternating Hang Clean, Hamstrings," Biceps, Calves, Forearms, Glutes, Lower Back, Quadriceps, Traps"
Double Kettlebell Jerk, Shoulders," Calves, Quadriceps, Triceps"
Double Kettlebell Push Press, Shoulders," Calves, Quadriceps, Triceps"
Double Kettlebell Snatch, Shoulders," Glutes, Hamstrings, Quadriceps"
Double Kettlebell Windmill, Abdominals," Glutes, Hamstrings, Shoulders, Triceps"
Double Leg Butt Kick, Quadriceps," Abductors, Adductors, Calves, Glutes, Hamstrings"
Downward Facing Balance, Glutes," Abdominals, Hamstrings"
Drag Curl, Biceps, Forearms
Drop Push, Chest," Shoulders, Triceps"
Dumbbell Alternate Bicep Curl, Biceps, Forearms
Dumbbell Bench Press, Chest," Shoulders, Triceps"
Dumbbell Bench Press with Neutral Grip, Chest," Shoulders, Triceps"
Dumbbell Bicep Curl, Biceps, Forearms
Dumbbell Clean, Hamstrings," Calves, Forearms, Glutes, Lower Back, Quadriceps, Shoulders, Traps"
Dumbbell Floor Press, Triceps," Chest, Shoulders"
Dumbbell Flyes, Chest,none
Dumbbell Incline Row, Middle Back," Biceps, Forearms, Lats, Shoulders"
Dumbbell Incline Shoulder Raise, Shoulders, Triceps
Dumbbell Lunges, Quadriceps," Calves, Glutes, Hamstrings"
Dumbbell Lying One-Arm Rear Lateral Raise, Shoulders, Middle Back
Dumbbell Lying Pronation, Forearms,none
Dumbbell Lying Rear Lateral Raise, Shoulders,none
Dumbbell Lying Supination, Forearms,none
Dumbbell One-Arm Shoulder Press, Shoulders, Triceps
Dumbbell One-Arm Triceps Extension, Triceps,none
Dumbbell One-Arm Upright Row, Shoulders," Biceps, Traps"
Dumbbell Prone Incline Curl, Biceps,none
Dumbbell Raise, Shoulders, Biceps
Dumbbell Rear Lunge, Quadriceps," Calves, Glutes, Hamstrings"
Dumbbell Scaption, Shoulders, Traps
Dumbbell Seated Box Jump, Quadriceps," Calves, Glutes, Hamstrings"
Dumbbell Seated One-Leg Calf Raise, Calves,none
Dumbbell Shoulder Press, Shoulders, Triceps
Dumbbell Shrug, Traps,none
Dumbbell Side Bend, Abdominals,none
Dumbbell Squat, Quadriceps," Calves, Glutes, Hamstrings, Lower Back"
Dumbbell Squat To A Bench, Quadriceps," Calves, Glutes, Hamstrings, Lower Back"
Dumbbell Step Ups, Quadriceps," Calves, Glutes, Hamstrings"
Dumbbell Tricep Extension -Pronated Grip, Triceps,none
Dynamic Back Stretch, Lats,none
Dynamic Chest Stretch, Chest, Middle Back
Elbow Circles, Shoulders, Traps
Elbow to Knee, Abdominals,none
Elbows Back, Chest, Shoulders
Elevated Back Lunge, Quadriceps," Glutes, Hamstrings"
Elevated Cable Rows, Lats," Middle Back, Traps"
Elliptical Trainer, Quadriceps," Calves, Glutes, Hamstrings"
Exercise Ball Crunch, Abdominals,none
Exercise Ball Pull-In, Abdominals,none
Extended Range One-Arm Kettlebell Floor Press, Chest," Shoulders, Triceps"
External Rotation, Shoulders,none
External Rotation with Band, Shoulders,none
External Rotation with Cable, Shoulders,none
EZ-Bar Curl, Biceps,none
EZ-Bar Skullcrusher, Triceps, Forearms
Face Pull, Shoulders, Middle Back
Farmer's Walk, Forearms," Abdominals, Glutes, Hamstrings, Lower Back, Quadriceps, Traps"
Fast Skipping, Quadriceps," Abductors, Adductors, Calves, Glutes, Hamstrings"
Finger Curls, Forearms,none
Flat Bench Cable Flyes, Chest,none
Flat Bench Leg Pull-In, Abdominals,none
Flat Bench Lying Leg Raise, Abdominals,none
Flexor Incline Dumbbell Curls, Biceps,none
Floor Glute-Ham Raise, Hamstrings," Calves, Glutes"
Floor Press, Triceps," Chest, Shoulders"
Floor Press with Chains, Triceps," Chest, Shoulders"
Flutter Kicks, Glutes, Hamstrings
Foot-SMR, Calves,none
Forward Drag with Press, Chest," Calves, Glutes, Hamstrings, Quadriceps, Shoulders, Triceps"
Frankenstein Squat, Quadriceps," Abdominals, Calves, Glutes, Hamstrings"
Freehand Jump Squat, Quadriceps," Calves, Glutes, Hamstrings"
Frog Hops, Quadriceps," Calves, Glutes, Hamstrings"
Frog Sit-Ups, Abdominals,none
Front Barbell Squat, Quadriceps," Calves, Glutes, Hamstrings"
Front Barbell Squat To A Bench, Quadriceps," Calves, Glutes, Hamstrings"
Front Box Jump, Hamstrings," Abductors, Adductors, Calves, Glutes, Quadriceps"
Front Cable Raise, Shoulders,none
Front Cone Hops (or hurdle hops), Quadriceps," Abductors, Adductors, Calves, Glutes, Hamstrings"
Front Dumbbell Raise, Shoulders,none
Front Incline Dumbbell Raise, Shoulders,none
Front Leg Raises, Hamstrings,none
Front Plate Raise, Shoulders,none
Front Raise And Pullover, Chest," Lats, Shoulders, Triceps"
Front Squat (Clean Grip), Quadriceps," Abdominals, Glutes, Hamstrings"
Front Squats With Two Kettlebells, Quadriceps," Calves, Glutes"
Front Two-Dumbbell Raise, Shoulders,none
Full Range-Of-Motion Lat Pulldown, Lats," Biceps, Middle Back, Shoulders"
Gironda Sternum Chins, Lats," Biceps, Middle Back"
Glute Ham Raise, Hamstrings," Calves, Glutes"
Glute Kickback, Glutes, Hamstrings
Goblet Squat, Quadriceps," Calves, Glutes, Hamstrings, Shoulders"
Good Morning, Hamstrings," Abdominals, Glutes, Lower Back"
Good Morning off Pins, Hamstrings," Abdominals, Glutes, Lower Back"
Gorilla Chin/Crunch, Abdominals," Biceps, Lats"
Groin and Back Stretch, Adductors,none
Groiners, Adductors,none
Hack Squat, Quadriceps," Calves, Glutes, Hamstrings"
Hammer Curls, Biceps,none
Hammer Grip Incline DB Bench Press, Chest," Shoulders, Triceps"
Hamstring Stretch, Hamstrings,none
Hamstring-SMR, Hamstrings,none
Handstand Push-Ups, Shoulders, Triceps
Hang Clean, Quadriceps," Calves, Forearms, Glutes, Hamstrings, Lower Back, Shoulders, Traps"
Hang Clean - Below the Knees, Quadriceps," Calves, Forearms, Glutes, Hamstrings, Lower Back, Shoulders, Traps"
Hang Snatch, Hamstrings," Abdominals, Calves, Forearms, Glutes, Lower Back, Quadriceps, Shoulders, Traps"
Hang Snatch - Below Knees, Hamstrings," Abdominals, Calves, Forearms, Glutes, Lower Back, Quadriceps, Shoulders, Traps"
Hanging Bar Good Morning, Hamstrings," Abdominals, Glutes, Lower Back"
Hanging Leg Raise, Abdominals,none
Hanging Pike, Abdominals,none
Heaving Snatch Balance, Quadriceps," Abdominals, Forearms, Glutes, Hamstrings, Shoulders, Triceps"
Heavy Bag Thrust, Chest," Abdominals, Shoulders, Triceps"
High Cable Curls, Biceps,none
Hip Circles (prone), Abductors, Adductors
Hip Extension with Bands, Glutes, Hamstrings
Hip Flexion with Band, Quadriceps,none
Hip Lift with Band, Glutes," Calves, Hamstrings"
Hug A Ball, Lower Back," Calves, Glutes"
Hug Knees To Chest, Lower Back, Glutes
Hurdle Hops, Hamstrings," Abductors, Adductors, Calves, Glutes, Hamstrings"
Hyperextensions (Back Extensions), Lower Back," Glutes, Hamstrings"
Hyperextensions With No Hyperextension Bench, Lower Back," Glutes, Hamstrings"
Iliotibial Tract-SMR, Abductors,none
Inchworm, Hamstrings,none
Incline Barbell Triceps Extension, Triceps, Forearms
Incline Bench Pull, Middle Back," Lats, Shoulders"
Incline Cable Chest Press, Chest," Shoulders, Triceps"
Incline Cable Flye, Chest, Shoulders
Incline Dumbbell Bench With Palms Facing In, Chest," Shoulders, Triceps"
Incline Dumbbell Curl, Biceps,none
Incline Dumbbell Flyes, Chest, Shoulders
Incline Dumbbell Flyes - With A Twist, Chest, Shoulders
Incline Dumbbell Press, Chest," Shoulders, Triceps"
Incline Hammer Curls, Biceps,none
Incline Inner Biceps Curl, Biceps,none
Incline Push-Up, Chest," Shoulders, Triceps"
Incline Push-Up Close-Grip, Triceps," Chest, Shoulders"
Incline Push-Up Depth Jump, Chest," Shoulders, Triceps"
Incline Push-Up Medium, Chest," Abdominals, Shoulders, Triceps"
Incline Push-Up Reverse Grip, Chest," Abdominals, Shoulders, Triceps"
Incline Push-Up Wide, Chest," Abdominals, Shoulders, Triceps"
Intermediate Groin Stretch, Hamstrings,none
Intermediate Hip Flexor and Quad Stretch, Quadriceps,none
Internal Rotation with Band, Shoulders,none
Inverted Row, Middle Back, Lats
Inverted Row with Straps, Middle Back," Biceps, Lats"
Iron Cross, Shoulders," Chest, Glutes, Hamstrings, Lower Back, Quadriceps, Traps"
Iron Crosses (stretch), Quadriceps,none
Isometric Chest Squeezes, Chest," Shoulders, Triceps"
Isometric Neck Exercise - Front And Back, Neck,none
Isometric Neck Exercise - Sides, Neck,none
Isometric Wipers, Chest," Abdominals, Shoulders, Triceps"
IT Band and Glute Stretch, Abductors,none
Jackknife Sit-Up, Abdominals,none
Janda Sit-Up, Abdominals,none
Jefferson Squats, Quadriceps," Calves, Glutes, Hamstrings, Lower Back, Traps"
Jerk Balance, Shoulders," Glutes, Hamstrings, Quadriceps, Triceps"
Jerk Dip Squat, Quadriceps," Abdominals, Calves"
JM Press, Triceps," Chest, Shoulders"
Jogging-Treadmill, Quadriceps," Glutes, Hamstrings"
Keg Load, Lower Back," Abdominals, Biceps, Calves, Forearms, Glutes, Hamstrings, Middle Back, Quadriceps, Shoulders, Traps"
Kettlebell Arnold Press, Shoulders, Triceps
Kettlebell Dead Clean, Hamstrings," Calves, Glutes, Lower Back, Quadriceps, Traps"
Kettlebell Figure 8, Abdominals," Hamstrings, Shoulders"
Kettlebell Hang Clean, Hamstrings," Calves, Glutes, Lower Back, Shoulders, Traps"
Kettlebell One-Legged Deadlift, Hamstrings," Glutes, Lower Back"
Kettlebell Pass Between The Legs, Abdominals," Glutes, Hamstrings, Shoulders"
Kettlebell Pirate Ships, Shoulders, Abdominals
Kettlebell Pistol Squat, Quadriceps," Calves, Glutes, Hamstrings, Shoulders"
Kettlebell Seated Press, Shoulders, Triceps
Kettlebell Seesaw Press, Shoulders, Triceps
Kettlebell Sumo High Pull, Traps," Adductors, Glutes, Hamstrings, Quadriceps, Shoulders"
Kettlebell Thruster, Shoulders," Quadriceps, Triceps"
Kettlebell Turkish Get-Up (Lunge style), Shoulders," Abdominals, Hamstrings, Quadriceps, Triceps"
Kettlebell Turkish Get-Up (Squat style), Shoulders," Abdominals, Calves, Hamstrings, Quadriceps, Triceps"
Kettlebell Windmill, Abdominals," Glutes, Hamstrings, Shoulders, Triceps"
Kipping Muscle Up, Lats," Abdominals, Biceps, Forearms, Middle Back, Shoulders, Traps, Triceps"
Knee Across The Body, Glutes," Abductors, Lower Back"
Knee Circles, Calves," Hamstrings, Quadriceps"
Knee Tuck Jump, Hamstrings," Abductors, Adductors, Calves, Glutes, Quadriceps"
Knee/Hip Raise On Parallel Bars, Abdominals,none
Kneeling Arm Drill, Shoulders, Abdominals
Kneeling Cable Crunch With Alternating Oblique Twists, Abdominals,none
Kneeling Cable Triceps Extension, Triceps,none
Kneeling Forearm Stretch, Forearms,none
Kneeling High Pulley Row, Lats," Biceps, Middle Back"
Kneeling Hip Flexor, Quadriceps, Quadriceps
Kneeling Jump Squat, Glutes," Calves, Hamstrings, Quadriceps"
Kneeling Single-Arm High Pulley Row, Lats," Biceps, Middle Back"
Kneeling Squat, Glutes," Abdominals, Hamstrings, Lower Back"
Landmine 180's, Abdominals," Glutes, Lower Back, Shoulders"
Landmine Linear Jammer, Shoulders," Abdominals, Calves, Chest, Hamstrings, Quadriceps, Triceps"
Lateral Bound, Adductors," Abductors, Calves, Glutes, Hamstrings, Quadriceps"
Lateral Box Jump, Adductors," Abductors, Calves, Glutes, Hamstrings, Quadriceps"
Lateral Cone Hops, Adductors," Abductors, Calves, Glutes, Hamstrings, Quadriceps"
Lateral Raise - With Bands, Shoulders,none
Latissimus Dorsi-SMR, Lats,none
Leg Extensions, Quadriceps,none
Leg Lift, Glutes, Hamstrings
Leg Press, Quadriceps," Calves, Glutes, Hamstrings"
Leg Pull-In, Abdominals,none
Leg-Over Floor Press, Chest," Shoulders, Triceps"
Leg-Up Hamstring Stretch, Hamstrings,none
Leverage Chest Press, Chest," Shoulders, Triceps"
Leverage Deadlift, Quadriceps," Glutes, Hamstrings"
Leverage Decline Chest Press, Chest," Shoulders, Triceps"
Leverage High Row, Middle Back, Lats
Leverage Incline Chest Press, Chest," Shoulders, Triceps"
Leverage Iso Row, Lats," Biceps, Middle Back"
Leverage Shoulder Press, Shoulders, Triceps
Leverage Shrug, Traps, Forearms
Linear 3-Part Start Technique, Hamstrings," Calves, Quadriceps"
Linear Acceleration Wall Drill, Hamstrings," Calves, Glutes, Quadriceps"
Linear Depth Jump, Quadriceps," Calves, Glutes, Hamstrings"
Log Lift, Shoulders," Abdominals, Chest, Glutes, Hamstrings, Lower Back, Middle Back, Quadriceps, Traps, Triceps"
London Bridges, Lats," Biceps, Forearms, Middle Back"
Looking At Ceiling, Quadriceps,none
Low Cable Crossover, Chest, Shoulders
Low Cable Triceps Extension, Triceps,none
Low Pulley Row To Neck, Shoulders," Biceps, Middle Back, Traps"
Lower Back Curl, Abdominals,none
Lower Back-SMR, Lower Back,none
Lunge Pass Through, Hamstrings," Calves, Glutes, Quadriceps"
Lunge Sprint, Quadriceps," Calves, Glutes, Hamstrings"
Lying Bent Leg Groin, Adductors,none
Lying Cable Curl, Biceps,none
Lying Cambered Barbell Row, Middle Back," Biceps, Lats, Traps"
Lying Close-Grip Bar Curl On High Pulley, Biceps,none
Lying Close-Grip Barbell Triceps Extension Behind The Head, Triceps,none
Lying Close-Grip Barbell Triceps Press To Chin, Triceps,none
Lying Crossover, Abductors,none
Lying Dumbbell Tricep Extension, Triceps," Chest, Shoulders"
Lying Face Down Plate Neck Resistance, Neck,none
Lying Face Up Plate Neck Resistance, Neck,none
Lying Glute, Glutes, Abductors
Lying Hamstring, Hamstrings, Calves
Lying High Bench Barbell Curl, Biceps,none
Lying Leg Curls, Hamstrings,none
Lying Machine Squat, Quadriceps," Calves, Glutes, Hamstrings"
Lying One-Arm Lateral Raise, Shoulders,none
Lying Prone Quadriceps, Quadriceps,none
Lying Rear Delt Raise, Shoulders,none
Lying Supine Dumbbell Curl, Biceps,none
Lying T-Bar Row, Middle Back," Biceps, Lats"
Lying Triceps Press, Triceps,none
Machine Bench Press, Chest," Shoulders, Triceps"
Machine Bicep Curl, Biceps,none
Machine Preacher Curls, Biceps,none
Machine Shoulder (Military) Press, Shoulders, Triceps
Machine Triceps Extension, Triceps,none
Medicine Ball Chest Pass, Chest," Shoulders, Triceps"
Medicine Ball Full Twist, Abdominals, Shoulders
Medicine Ball Scoop Throw, Shoulders," Abdominals, Hamstrings, Quadriceps"
Middle Back Shrug, Middle Back,none
Middle Back Stretch, Middle Back," Abdominals, Lats, Lower Back"
Mixed Grip Chin, Middle Back," Biceps, Lats"
Monster Walk, Abductors,none
Mountain Climbers, Quadriceps," Chest, Hamstrings, Shoulders"
Moving Claw Series, Hamstrings," Calves, Quadriceps"
Muscle Snatch, Hamstrings," Glutes, Lower Back, Quadriceps, Shoulders, Triceps"
Muscle Up, Lats," Abdominals, Biceps, Forearms, Middle Back, Shoulders, Traps, Triceps"
Narrow Stance Hack Squats, Quadriceps," Calves, Glutes, Hamstrings"
Narrow Stance Leg Press, Quadriceps," Calves, Glutes, Hamstrings"
Narrow Stance Squats, Quadriceps," Calves, Glutes, Hamstrings, Lower Back"
Natural Glute Ham Raise, Hamstrings," Calves, Glutes, Lower Back"
Neck Press, Chest," Shoulders, Triceps"
Neck-SMR, Neck,none
Oblique Crunches, Abdominals,none
Oblique Crunches - On The Floor, Abdominals,none
Olympic Squat, Quadriceps," Calves, Glutes, Hamstrings"
On Your Side Quad Stretch, Quadriceps,none
On-Your-Back Quad Stretch, Quadriceps,none
One Arm Against Wall, Lats,none
One Arm Chin-Up, Middle Back," Biceps, Forearms, Lats"
One Arm Dumbbell Bench Press, Chest," Shoulders, Triceps"
One Arm Dumbbell Preacher Curl, Biceps,none
One Arm Floor Press, Triceps," Chest, Shoulders"
One Arm Lat Pulldown, Lats," Biceps, Middle Back"
One Arm Pronated Dumbbell Triceps Extension, Triceps,none
One Arm Supinated Dumbbell Triceps Extension, Triceps,none
One Half Locust, Quadriceps," Abdominals, Biceps, Chest"
One Handed Hang, Lats, Biceps
One Knee To Chest, Glutes," Hamstrings, Lower Back"
One Leg Barbell Squat, Quadriceps," Calves, Glutes, Hamstrings"
One-Arm Dumbbell Row, Middle Back," Biceps, Lats, Shoulders"
One-Arm Flat Bench Dumbbell Flye, Chest,none
One-Arm High-Pulley Cable Side Bends, Abdominals,none
One-Arm Incline Lateral Raise, Shoulders,none
One-Arm Kettlebell Clean, Hamstrings," Glutes, Lower Back, Shoulders, Traps"
One-Arm Kettlebell Clean and Jerk, Shoulders,none
One-Arm Kettlebell Floor Press, Chest, Triceps
One-Arm Kettlebell Jerk, Shoulders," Calves, Quadriceps, Triceps"
One-Arm Kettlebell Military Press To The Side, Shoulders, Triceps
One-Arm Kettlebell Para Press, Shoulders, Triceps
One-Arm Kettlebell Push Press, Shoulders," Calves, Quadriceps, Triceps"
One-Arm Kettlebell Row, Middle Back," Biceps, Lats"
One-Arm Kettlebell Snatch, Shoulders," Calves, Glutes, Hamstrings, Lower Back, Traps, Triceps"
One-Arm Kettlebell Split Jerk, Shoulders," Glutes, Hamstrings, Quadriceps, Triceps"
One-Arm Kettlebell Split Snatch, Shoulders," Hamstrings, Quadriceps"
One-Arm Kettlebell Swings, Hamstrings," Calves, Glutes, Lower Back, Shoulders"
One-Arm Long Bar Row, Middle Back," Biceps, Lats"
One-Arm Medicine Ball Slam, Abdominals," Lats, Shoulders"
One-Arm Open Palm Kettlebell Clean, Hamstrings," Forearms, Glutes, Lower Back, Quadriceps, Shoulders"
One-Arm Overhead Kettlebell Squats, Quadriceps," Calves, Glutes, Hamstrings, Shoulders"
One-Arm Side Deadlift, Quadriceps," Abdominals, Calves, Glutes, Hamstrings, Lower Back, Traps"
One-Arm Side Laterals, Shoulders,none
One-Legged Cable Kickback, Glutes, Hamstrings
Open Palm Kettlebell Clean, Hamstrings," Glutes, Lower Back, Quadriceps, Shoulders"
Otis-Up, Abdominals," Chest, Shoulders, Triceps"
Overhead Cable Curl, Biceps,none
Overhead Lat, Lats, Triceps
Overhead Slam, Lats,none
Overhead Squat, Quadriceps," Abdominals, Calves, Glutes, Hamstrings, Lower Back, Shoulders, Triceps"
Overhead Stretch, Abdominals," Chest, Forearms, Lats, Triceps"
Overhead Triceps, Triceps, Lats
Pallof Press, Abdominals," Chest, Shoulders, Triceps"
Pallof Press With Rotation, Abdominals," Chest, Shoulders, Triceps"
Palms-Down Dumbbell Wrist Curl Over A Bench, Forearms,none
Palms-Down Wrist Curl Over A Bench, Forearms,none
Palms-Up Barbell Wrist Curl Over A Bench, Forearms,none
Palms-Up Dumbbell Wrist Curl Over A Bench, Forearms,none
Parallel Bar Dip, Triceps," Chest, Shoulders"
Pelvic Tilt Into Bridge, Lower Back,none
Peroneals Stretch, Calves,none
Peroneals-SMR, Calves,none
Physioball Hip Bridge, Glutes, Hamstrings
Pin Presses, Triceps," Chest, Forearms, Lats, Middle Back, Shoulders"
Piriformis-SMR, Glutes,none
Plank, Abdominals,none
Plate Pinch, Forearms,none
Plate Twist, Abdominals,none
Platform Hamstring Slides, Hamstrings, Glutes
Plie Dumbbell Squat, Quadriceps," Abdominals, Calves, Glutes, Hamstrings"
Plyo Kettlebell Pushups, Chest," Shoulders, Triceps"
Plyo Push-up, Chest," Shoulders, Triceps"
Posterior Tibialis Stretch, Calves,none
Power Clean, Hamstrings," Calves, Forearms, Glutes, Lower Back, Middle Back, Quadriceps, Shoulders, Traps, Triceps"
Power Clean from Blocks, Hamstrings, Quadriceps
Power Jerk, Quadriceps," Abdominals, Calves, Glutes, Hamstrings, Shoulders, Triceps"
Power Partials, Shoulders,none
Power Snatch, Hamstrings," Calves, Glutes, Lower Back, Quadriceps, Shoulders, Traps, Triceps"
Power Snatch from Blocks, Quadriceps," Calves, Forearms, Glutes, Hamstrings, Lower Back, Shoulders, Traps, Triceps"
Power Stairs, Hamstrings," Adductors, Calves, Glutes, Lower Back, Quadriceps, Shoulders, Traps"
Preacher Curl, Biceps,none
Preacher Hammer Dumbbell Curl, Biceps, Forearms
Press Sit-Up, Abdominals," Chest, Shoulders, Triceps"
Prone Manual Hamstring, Hamstrings,none
Prowler Sprint, Hamstrings," Calves, Chest, Glutes, Quadriceps, Shoulders"
Pull Through, Glutes," Hamstrings, Lower Back"
Pullups, Lats," Biceps, Middle Back"
Push Press, Shoulders," Quadriceps, Triceps"
Push Press - Behind the Neck, Shoulders," Calves, Quadriceps, Triceps"
Push Up to Side Plank, Chest," Abdominals, Shoulders, Triceps"
Push-Up Wide, Chest," Abdominals, Shoulders, Triceps"
Push-Ups - Close Triceps Position, Triceps," Chest, Shoulders"
Push-Ups With Feet Elevated, Chest," Shoulders, Triceps"
Push-Ups With Feet On An Exercise Ball, Chest," Shoulders, Triceps"
Pushups, Chest," Shoulders, Triceps"
Pushups (Close and Wide Hand Positions), Chest," Shoulders, Triceps"
Pyramid, Lower Back, Shoulders
Quad Stretch, Quadriceps,none
Quadriceps-SMR, Quadriceps,none
Quick Leap, Quadriceps," Calves, Hamstrings"
Rack Delivery, Shoulders," Forearms, Traps"
Rack Pull with Bands, Lower Back," Forearms, Glutes, Hamstrings, Quadriceps, Traps"
Rack Pulls, Lower Back," Forearms, Glutes, Hamstrings, Traps"
Rear Leg Raises, Quadriceps,none
Recumbent Bike, Quadriceps," Calves, Glutes, Hamstrings"
Return Push from Stance, Shoulders," Chest, Triceps"
Reverse Band Bench Press, Triceps," Chest, Forearms, Lats, Middle Back, Shoulders"
Reverse Band Box Squat, Quadriceps," Abductors, Adductors, Calves, Forearms, Glutes, Hamstrings, Lower Back"
Reverse Band Deadlift, Lower Back," Abductors, Adductors, Calves, Glutes, Hamstrings, Quadriceps"
Reverse Band Power Squat, Quadriceps," Adductors, Calves, Glutes, Hamstrings, Lower Back"
Reverse Band Sumo Deadlift, Hamstrings," Abductors, Adductors, Calves, Forearms, Glutes, Lower Back, Quadriceps, Traps"
Reverse Barbell Curl, Biceps, Forearms
Reverse Barbell Preacher Curls, Biceps, Forearms
Reverse Cable Curl, Biceps, Forearms
Reverse Crunch, Abdominals,none
Reverse Flyes, Shoulders,none
Reverse Flyes With External Rotation, Shoulders,none
Reverse Grip Bent-Over Rows, Middle Back," Biceps, Lats, Shoulders"
Reverse Grip Triceps Pushdown, Triceps,none
Reverse Hyperextension, Hamstrings," Calves, Glutes"
Reverse Machine Flyes, Shoulders,none
Reverse Plate Curls, Biceps, Forearms
Reverse Triceps Bench Press, Triceps," Chest, Shoulders"
Rhomboids-SMR, Middle Back, Traps
Rickshaw Carry, Forearms," Abdominals, Calves, Glutes, Hamstrings, Lower Back, Quadriceps, Traps"
Rickshaw Deadlift, Quadriceps," Forearms, Glutes, Hamstrings, Lower Back, Traps"
Ring Dips, Triceps," Chest, Shoulders"
Rocket Jump, Quadriceps," Calves, Hamstrings"
Rocking Standing Calf Raise, Calves,none
Rocky Pull-Ups/Pulldowns, Lats," Biceps, Middle Back, Shoulders"
Romanian Deadlift, Hamstrings," Calves, Glutes, Lower Back"
Romanian Deadlift from Deficit, Hamstrings," Forearms, Glutes, Lower Back, Traps"
Rope Climb, Lats," Biceps, Forearms, Middle Back, Shoulders"
Rope Crunch, Abdominals,none
Rope Jumping, Quadriceps," Calves, Hamstrings"
Rope Straight-Arm Pulldown, Lats,none
Round The World Shoulder Stretch, Shoulders," Biceps, Chest"
"Rowing, Stationary", Quadriceps," Biceps, Calves, Glutes, Hamstrings, Lower Back, Middle Back"
Runner's Stretch, Hamstrings, Calves
"Running, Treadmill", Quadriceps," Calves, Glutes, Hamstrings"
Russian Twist, Abdominals, Lower Back
Sandbag Load, Quadriceps," Abdominals, Biceps, Calves, Forearms, Glutes, Hamstrings, Lower Back, Middle Back, Shoulders, Traps"
Scapular Pull-Up, Traps," Lats, Middle Back"
Scissor Kick, Abdominals,none
Scissors Jump, Quadriceps," Glutes, Hamstrings"
Seated Band Hamstring Curl, Hamstrings,none
Seated Barbell Military Press, Shoulders, Triceps
Seated Barbell Twist, Abdominals,none
Seated Bent-Over One-Arm Dumbbell Triceps Extension, Triceps,none
Seated Bent-Over Rear Delt Raise, Shoulders,none
Seated Bent-Over Two-Arm Dumbbell Triceps Extension, Triceps,none
Seated Biceps, Biceps," Chest, Shoulders"
Seated Cable Rows, Middle Back," Biceps, Lats, Shoulders"
Seated Cable Shoulder Press, Shoulders, Triceps
Seated Calf Raise, Calves,none
Seated Calf Stretch, Calves," Hamstrings, Lower Back"
Seated Close-Grip Concentration Barbell Curl, Biceps,none
Seated Dumbbell Curl, Biceps,none
Seated Dumbbell Inner Biceps Curl, Biceps,none
Seated Dumbbell Palms-Down Wrist Curl, Forearms,none
Seated Dumbbell Palms-Up Wrist Curl, Forearms,none
Seated Dumbbell Press, Shoulders, Triceps
Seated Flat Bench Leg Pull-In, Abdominals,none
Seated Floor Hamstring Stretch, Hamstrings, Calves
Seated Front Deltoid, Shoulders, Chest
Seated Glute, Glutes, Adductors
Seated Good Mornings, Lower Back, Glutes
Seated Hamstring, Hamstrings, Calves
Seated Hamstring and Calf Stretch, Hamstrings, Calves
Seated Head Harness Neck Resistance, Neck,none
Seated Leg Curl, Hamstrings,none
Seated Leg Tucks, Abdominals,none
Seated One-arm Cable Pulley Rows, Middle Back," Biceps, Lats, Traps"
Seated One-Arm Dumbbell Palms-Down Wrist Curl, Forearms,none
Seated One-Arm Dumbbell Palms-Up Wrist Curl, Forearms,none
Seated Overhead Stretch, Abdominals,none
Seated Palm-Up Barbell Wrist Curl, Forearms,none
Seated Palms-Down Barbell Wrist Curl, Forearms,none
Seated Side Lateral Raise, Shoulders,none
Seated Triceps Press, Triceps,none
Seated Two-Arm Palms-Up Low-Pulley Wrist Curl, Forearms,none
See-Saw Press (Alternating Side Press), Shoulders," Abdominals, Triceps"
Shotgun Row, Lats," Biceps, Middle Back"
Shoulder Circles, Shoulders, Traps
Shoulder Press - With Bands, Shoulders, Triceps
Shoulder Raise, Shoulders, Lats
Shoulder Stretch, Shoulders,none
Side Bridge, Abdominals, Shoulders
Side Hop-Sprint, Quadriceps," Abductors, Adductors, Calves, Hamstrings"
Side Jackknife, Abdominals,none
Side Lateral Raise, Shoulders,none
Side Laterals to Front Raise, Shoulders, Traps
Side Leg Raises, Adductors,none
Side Lying Groin Stretch, Adductors, Hamstrings
Side Neck Stretch, Neck,none
Side Standing Long Jump, Quadriceps," Calves, Glutes, Hamstrings"
Side to Side Box Shuffle, Quadriceps," Abductors, Adductors, Calves, Hamstrings"
Side To Side Chins, Lats," Biceps, Forearms, Middle Back, Shoulders"
Side Wrist Pull, Shoulders," Forearms, Lats"
Side-Lying Floor Stretch, Lats,none
Single Dumbbell Raise, Shoulders," Forearms, Traps"
Single Leg Butt Kick, Quadriceps," Calves, Hamstrings"
Single Leg Glute Bridge, Glutes, Hamstrings
Single Leg Push-off, Quadriceps," Calves, Hamstrings"
Single-Arm Cable Crossover, Chest,none
Single-Arm Linear Jammer, Shoulders," Chest, Triceps"
Single-Arm Push-Up, Chest," Shoulders, Triceps"
Single-Cone Sprint Drill, Quadriceps," Calves, Glutes, Hamstrings"
Single-Leg High Box Squat, Quadriceps," Glutes, Hamstrings"
Single-Leg Hop Progression, Quadriceps," Abductors, Adductors, Calves, Hamstrings"
Single-Leg Lateral Hop, Quadriceps," Abductors, Adductors, Calves, Hamstrings"
Single-Leg Leg Extension, Quadriceps,none
Single-Leg Stride Jump, Quadriceps," Abductors, Adductors, Calves, Hamstrings"
Sit Squats, Quadriceps," Abductors, Glutes, Hamstrings"
Sit-Up, Abdominals,none
Skating, Quadriceps," Abductors, Adductors, Calves, Glutes, Hamstrings"
Sled Drag - Harness, Quadriceps," Calves, Glutes, Hamstrings"
Sled Overhead Backward Walk, Shoulders," Calves, Middle Back, Quadriceps"
Sled Overhead Triceps Extension, Triceps,none
Sled Push, Quadriceps," Calves, Chest, Glutes, Hamstrings, Triceps"
Sled Reverse Flye, Shoulders,none
Sled Row, Middle Back," Biceps, Lats"
Sledgehammer Swings, Abdominals," Calves, Forearms, Lats, Middle Back, Shoulders"
Smith Incline Shoulder Raise, Shoulders, Chest
Smith Machine Behind the Back Shrug, Traps, Shoulders
Smith Machine Bench Press, Chest," Shoulders, Triceps"
Smith Machine Bent Over Row, Middle Back," Biceps, Lats, Shoulders"
Smith Machine Calf Raise, Calves,none
Smith Machine Close-Grip Bench Press, Triceps," Chest, Shoulders"
Smith Machine Decline Press, Chest," Shoulders, Triceps"
Smith Machine Hang Power Clean, Hamstrings," Glutes, Lower Back, Quadriceps, Shoulders, Traps"
Smith Machine Hip Raise, Abdominals,none
Smith Machine Incline Bench Press, Chest," Shoulders, Triceps"
Smith Machine Leg Press, Quadriceps," Calves, Glutes, Hamstrings"
Smith Machine One-Arm Upright Row, Shoulders," Biceps, Traps"
Smith Machine Overhead Shoulder Press, Shoulders, Triceps
Smith Machine Pistol Squat, Quadriceps," Calves, Glutes, Hamstrings"
Smith Machine Reverse Calf Raises, Calves,none
Smith Machine Squat, Quadriceps," Calves, Glutes, Hamstrings, Lower Back"
Smith Machine Stiff-Legged Deadlift, Hamstrings," Glutes, Lower Back"
Smith Machine Upright Row, Traps," Biceps, Middle Back, Shoulders"
Smith Single-Leg Split Squat, Quadriceps," Calves, Glutes, Hamstrings"
Snatch, Quadriceps," Biceps, Glutes, Hamstrings, Lower Back, Shoulders, Traps, Triceps"
Snatch Balance, Quadriceps," Calves, Glutes, Hamstrings, Shoulders, Triceps"
Snatch Deadlift, Hamstrings," Forearms, Glutes, Hamstrings, Lower Back, Quadriceps, Traps"
Snatch from Blocks, Quadriceps," Calves, Forearms, Glutes, Hamstrings, Lower Back, Shoulders, Traps, Triceps"
Snatch Pull, Hamstrings," Calves, Glutes, Lower Back, Quadriceps, Traps"
Snatch Shrug, Traps," Forearms, Shoulders"
Speed Band Overhead Triceps, Triceps,none
Speed Box Squat, Quadriceps," Calves, Glutes, Hamstrings"
Speed Squats, Quadriceps," Calves, Glutes, Hamstrings, Lower Back"
Spell Caster, Abdominals," Glutes, Shoulders"
Spider Crawl, Abdominals," Chest, Shoulders, Triceps"
Spider Curl, Biceps,none
Spinal Stretch, Middle Back," Lats, Lower Back, Neck, Traps"
Split Clean, Quadriceps," Calves, Forearms, Glutes, Hamstrings, Lower Back, Shoulders, Traps"
Split Jerk, Quadriceps," Glutes, Hamstrings, Shoulders, Triceps"
Split Jump, Quadriceps," Calves, Glutes, Hamstrings"
Split Snatch, Hamstrings," Calves, Forearms, Glutes, Hamstrings, Lower Back, Quadriceps, Shoulders, Traps, Triceps"
Split Squat with Dumbbells, Quadriceps," Glutes, Hamstrings"
Split Squats, Hamstrings," Calves, Glutes, Quadriceps"
Squat Jerk, Quadriceps," Calves, Glutes, Hamstrings, Shoulders, Triceps"
Squat with Bands, Quadriceps," Adductors, Calves, Glutes, Hamstrings, Lower Back"
Squat with Chains, Quadriceps," Adductors, Calves, Glutes, Hamstrings, Lower Back"
Squat with Plate Movers, Quadriceps," Abductors, Adductors, Calves, Glutes, Hamstrings"
Squats - With Bands, Quadriceps," Calves, Glutes, Hamstrings, Lower Back"
Stairmaster, Quadriceps," Calves, Glutes, Hamstrings"
Standing Alternating Dumbbell Press, Shoulders, Triceps
Standing Barbell Calf Raise, Calves,none
Standing Barbell Press Behind Neck, Shoulders, Triceps
Standing Bent-Over One-Arm Dumbbell Triceps Extension, Triceps, Shoulders
Standing Bent-Over Two-Arm Dumbbell Triceps Extension, Triceps,none
Standing Biceps Cable Curl, Biceps,none
Standing Biceps Stretch, Biceps," Chest, Shoulders"
Standing Bradford Press, Shoulders, Triceps
Standing Cable Chest Press, Chest," Shoulders, Triceps"
Standing Cable Lift, Abdominals, Shoulders
Standing Cable Wood Chop, Abdominals, Shoulders
Standing Calf Raises, Calves,none
Standing Concentration Curl, Biceps, Forearms
Standing Dumbbell Calf Raise, Calves,none
Standing Dumbbell Press, Shoulders, Triceps
Standing Dumbbell Reverse Curl, Biceps, Forearms
Standing Dumbbell Straight-Arm Front Delt Raise Above Head, Shoulders,none
Standing Dumbbell Triceps Extension, Triceps,none
Standing Dumbbell Upright Row, Traps," Biceps, Shoulders"
Standing Elevated Quad Stretch, Quadriceps,none
Standing Front Barbell Raise Over Head, Shoulders,none
Standing Gastrocnemius Calf Stretch, Calves, Hamstrings
Standing Hamstring and Calf Stretch, Hamstrings,none
Standing Hip Circles, Abductors, Adductors
Standing Hip Flexors, Quadriceps,none
Standing Inner-Biceps Curl, Biceps,none
Standing Lateral Stretch, Abdominals,none
Standing Leg Curl, Hamstrings,none
Standing Long Jump, Quadriceps," Calves, Glutes, Hamstrings"
Standing Low-Pulley Deltoid Raise, Shoulders, Forearms
Standing Low-Pulley One-Arm Triceps Extension, Triceps," Chest, Shoulders"
Standing Military Press, Shoulders, Triceps
Standing Olympic Plate Hand Squeeze, Forearms, Biceps
Standing One-Arm Cable Curl, Biceps,none
Standing One-Arm Dumbbell Curl Over Incline Bench, Biceps,none
Standing One-Arm Dumbbell Triceps Extension, Triceps," Chest, Shoulders"
Standing Overhead Barbell Triceps Extension, Triceps, Shoulders
Standing Palm-In One-Arm Dumbbell Press, Shoulders, Triceps
Standing Palms-In Dumbbell Press, Shoulders, Triceps
Standing Palms-Up Barbell Behind The Back Wrist Curl, Forearms,none
Standing Pelvic Tilt, Lower Back, Glutes
Standing Rope Crunch, Abdominals,none
Standing Soleus And Achilles Stretch, Calves,none
Standing Toe Touches, Hamstrings, Calves
Standing Towel Triceps Extension, Triceps,none
Standing Two-Arm Overhead Throw, Shoulders," Chest, Lats"
Star Jump, Quadriceps," Calves, Glutes, Hamstrings, Shoulders"
Step Mill, Quadriceps," Calves, Glutes, Hamstrings"
Step-up with Knee Raise, Glutes," Hamstrings, Quadriceps"
Stiff Leg Barbell Good Morning, Lower Back," Glutes, Hamstrings"
Stiff-Legged Barbell Deadlift, Hamstrings," Glutes, Lower Back"
Stiff-Legged Dumbbell Deadlift, Hamstrings," Glutes, Lower Back"
Stomach Vacuum, Abdominals,none
Straight Bar Bench Mid Rows, Middle Back," Biceps, Lats"
Straight Raises on Incline Bench, Shoulders, Traps
Straight-Arm Dumbbell Pullover, Chest," Lats, Shoulders, Triceps"
Straight-Arm Pulldown, Lats,none
Stride Jump Crossover, Quadriceps," Abductors, Adductors, Calves, Hamstrings"
Sumo Deadlift, Hamstrings," Adductors, Forearms, Glutes, Lower Back, Middle Back, Quadriceps, Traps"
Sumo Deadlift with Bands, Hamstrings," Adductors, Forearms, Glutes, Lower Back, Middle Back, Quadriceps, Traps"
Sumo Deadlift with Chains, Hamstrings," Abductors, Adductors, Forearms, Glutes, Lower Back, Middle Back, Quadriceps, Traps"
Superman, Lower Back," Glutes, Hamstrings"
Supine Chest Throw, Triceps," Chest, Shoulders"
Supine One-Arm Overhead Throw, Abdominals," Chest, Lats, Shoulders"
Supine Two-Arm Overhead Throw, Abdominals," Chest, Lats, Shoulders"
Suspended Fallout, Abdominals," Chest, Lower Back, Shoulders"
Suspended Push-Up, Chest," Shoulders, Triceps"
Suspended Reverse Crunch, Abdominals,none
Suspended Row, Middle Back," Biceps, Lats"
Suspended Split Squat, Quadriceps," Abductors, Adductors, Calves, Glutes, Hamstrings"
Svend Press, Chest," Forearms, Shoulders, Triceps"
T-Bar Row with Handle, Middle Back," Biceps, Lats"
Tate Press, Triceps," Chest, Shoulders"
The Straddle, Hamstrings," Adductors, Calves"
Thigh Abductor, Abductors, Glutes
Thigh Adductor, Adductors," Glutes, Hamstrings"
Tire Flip, Quadriceps," Calves, Chest, Forearms, Glutes, Hamstrings, Lower Back, Shoulders, Traps, Triceps"
Toe Touchers, Abdominals,none
Torso Rotation, Abdominals,none
Trail Running/Walking, Quadriceps," Calves, Glutes, Hamstrings"
Trap Bar Deadlift, Quadriceps," Glutes, Hamstrings"
Tricep Dumbbell Kickback, Triceps,none
Tricep Side Stretch, Triceps, Shoulders
Triceps Overhead Extension with Rope, Triceps,none
Triceps Pushdown, Triceps,none
Triceps Pushdown - Rope Attachment, Triceps,none
Triceps Pushdown - V-Bar Attachment, Triceps,none
Triceps Stretch, Triceps, Lats
Tuck Crunch, Abdominals,none
Two-Arm Dumbbell Preacher Curl, Biceps,none
Two-Arm Kettlebell Clean, Shoulders," Calves, Glutes, Hamstrings, Lower Back, Traps"
Two-Arm Kettlebell Jerk, Shoulders," Calves, Quadriceps, Triceps"
Two-Arm Kettlebell Military Press, Shoulders, Triceps
Two-Arm Kettlebell Row, Middle Back," Biceps, Lats"
Underhand Cable Pulldowns, Lats," Biceps, Middle Back, Shoulders"
Upper Back Stretch, Middle Back, Middle Back
Upper Back-Leg Grab, Hamstrings," Lower Back, Middle Back"
Upright Barbell Row, Shoulders, Traps
Upright Cable Row, Traps, Shoulders
Upright Row - With Bands, Traps, Shoulders
Upward Stretch, Shoulders," Chest, Lats"
V-Bar Pulldown, Lats," Biceps, Middle Back, Shoulders"
V-Bar Pullup, Lats," Biceps, Middle Back, Shoulders"
Vertical Swing, Hamstrings," Glutes, Quadriceps, Shoulders"
"Walking, Treadmill", Quadriceps," Calves, Glutes, Hamstrings"
Weighted Ball Hyperextension, Lower Back," Glutes, Hamstrings, Middle Back"
Weighted Ball Side Bend, Abdominals,none
Weighted Bench Dip, Triceps," Chest, Shoulders"
Weighted Crunches, Abdominals,none
Weighted Jump Squat, Quadriceps," Calves, Glutes, Hamstrings, Lower Back"
Weighted Pull Ups, Lats," Biceps, Middle Back"
Weighted Sissy Squat, Quadriceps," Calves, Glutes, Hamstrings"
Weighted Sit-Ups - With Bands, Abdominals,none
Weighted Squat, Quadriceps," Calves, Glutes, Hamstrings"
Wide Stance Barbell Squat, Quadriceps," Calves, Glutes, Hamstrings, Lower Back"
Wide Stance Stiff Legs, Hamstrings," Adductors, Glutes, Lower Back"
Wide-Grip Barbell Bench Press, Chest," Shoulders, Triceps"
Wide-Grip Decline Barbell Bench Press, Chest," Shoulders, Triceps"
Wide-Grip Decline Barbell Pullover, Chest," Shoulders, Triceps"
Wide-Grip Lat Pulldown, Lats," Biceps, Middle Back, Shoulders"
Wide-Grip Pulldown Behind The Neck, Lats," Biceps, Middle Back, Shoulders"
Wide-Grip Rear Pull-Up, Lats," Biceps, Middle Back, Shoulders"
Wide-Grip Standing Barbell Curl, Biceps,none
Wind Sprints, Abdominals,none
Windmills, Abductors," Glutes, Hamstrings, Lower Back"
World's Greatest Stretch, Hamstrings," Calves, Glutes, Quadriceps"
Wrist Circles, Forearms,none
Wrist Roller, Forearms, Shoulders
Wrist Rotations with Straight Bar, Forearms,none
Yoke Walk, Quadriceps," Abdominals, Abductors, Adductors, Calves, Glutes, Hamstrings, Lower Back"
Zercher Squats, Quadriceps," Calves, Glutes, Hamstrings"
Zottman Curl, Biceps, Forearms
Zottman Preacher Curl, Biceps, Forearms
